{"sprite":{"Appear":[0,1743.5600907029477],"Highlight":[3000,1937.6643990929701],"Pop_Up":[6000,2310.8616780045354],"bgm":[10000,16271.201814058959,true],"click":[28000,246.25850340136068],"collapse":[30000,2255.464852607709],"loading_bgm":[34000,4000,true],"reel_stop":[39000,373.24263038549077],"sfx_panel_display":[41000,1460.1587301587315],"spin":[44000,176.0770975056687],"win_big":[46000,9600.000000000002],"win_big_outro":[57000,1590.7936507936497],"win_layer":[60000,16271.201814058955],"winmeter_bgm":[78000,987.3015873015873,true],"winmeter_outro":[80000,1000]},"src":["assets/sound/sounds.ogg?v=1710470220592","assets/sound/sounds.m4a?v=1710470220592","assets/sound/sounds.mp3?v=1710470220592","assets/sound/sounds.ac3?v=1710470220592"]}