{"sprite":{"bgm":[0,11296.938775510205,true],"click":[13000,339.3650793650789],"loading_bgm":[15000,6399.999999999998,true],"reel_spin_bgm":[23000,1000,true],"spin":[25000,500],"win_big":[27000,15000],"win_big_outro":[43000,3750],"winmeter_bgm":[48000,987.3015873015873,true],"winmeter_outro":[50000,1000]},"src":["assets/sound/sounds.ogg?v=1709093038029","assets/sound/sounds.m4a?v=1709093038029","assets/sound/sounds.mp3?v=1709093038029","assets/sound/sounds.ac3?v=1709093038029"]}