{"sprite":{"HighWin":[0,8000],"MediumWin":[9000,6000],"NormalWin":[16000,4000],"SmallWin":[21000,3500],"bgm":[26000,11296.938775510207,true],"click":[39000,339.36507936508065],"loading_bgm":[41000,6399.999999999998,true],"reel_spin_bgm":[49000,1000,true],"spin":[51000,500],"win_big":[53000,15000],"win_big_outro":[69000,3750]},"src":["assets/sound/sounds.ogg?v=1707213484965","assets/sound/sounds.m4a?v=1707213484965","assets/sound/sounds.mp3?v=1707213484965","assets/sound/sounds.ac3?v=1707213484965"]}