{"sprite":{"Double_up_lose":[0,1679.297052154195],"Double_up_win":[3000,2558.7981859410434],"bet_button":[7000,1156.303854875283],"bgm-loading":[10000,5034.965986394557,true],"bgm-main-layer":[17000,15000,true],"bgm-main":[33000,15000,true],"big_win":[49000,5640.000000000001],"bonus_Multiplier_win":[56000,4828.29931972789],"bonus_Multiselect_win":[62000,4646.7573696145055],"button":[68000,269.81859410430786],"high_win":[70000,3190.7709750566937],"no_win":[75000,1251.5646258503352],"normal_win":[78000,1581.972789115653],"reel_stop":[81000,802.6530612244898],"reelspinningbgm":[83000,1875.011337868486,true],"spin_button":[86000,1267.8684807256245],"winmeter1":[89000,3720.9750566893404],"winmeter2":[94000,7318.639455782318],"winmeter3":[103000,11684.96598639456],"winmeter4":[116000,23726.916099773232]},"src":["assets/sounds.ogg?v=1722420810873","assets/sounds.m4a?v=1722420810873","assets/sounds.mp3?v=1722420810873","assets/sounds.ac3?v=1722420810873"]}