{"sprite":{"bet_button":[0,1156.3038548752836],"bgm-loading":[3000,5034.965986394557,true],"bgm-main":[10000,15000,true],"button":[26000,269.81859410430786],"reel_stop":[28000,802.6530612244898],"reelspinningbgm":[30000,1875.0113378684823,true],"spin_button":[33000,1267.8684807256245]},"src":["assets/sounds.ogg?v=1722009747487","assets/sounds.m4a?v=1722009747487","assets/sounds.mp3?v=1722009747487","assets/sounds.ac3?v=1722009747487"]}