{"sprite":{"bet_button":[0,1156.3038548752836],"bgm-loading":[3000,5034.965986394557,true],"bgm-main-layer":[10000,15000,true],"bgm-main":[26000,15000,true],"button":[42000,269.81859410430786],"reel_stop":[44000,802.6530612244898],"reelspinningbgm":[46000,1875.0113378684787,true],"spin_button":[49000,1267.8684807256245],"winmeter1":[52000,3720.9750566893404],"winmeter2":[57000,7318.639455782318],"winmeter3":[66000,11684.96598639456],"winmeter4":[79000,23726.916099773232]},"src":["assets/sounds.ogg?v=1722357262760","assets/sounds.m4a?v=1722357262760","assets/sounds.mp3?v=1722357262760","assets/sounds.ac3?v=1722357262760"]}