{"sprite":{"bgm-info":[0,21428.571428571428,true],"bgm":[23000,11296.938775510207,true],"click":[36000,736.031746031749],"dragon_win_panel v2":[38000,1568.775510204084],"dragon_win_panel":[41000,1568.7528344671193],"game_logo_sfx":[44000,3260.47619047619],"loading_bgm":[49000,6399.999999999998,true],"mus_win_bgextension_layer":[57000,15000],"reel_spin_bgm":[73000,1000,true],"reel_stop":[75000,1000],"reel_stop_wild":[77000,1481.904761904758],"sfx_expanding_wild":[80000,3872.9251700680293],"sfx_panel_display":[85000,900.5215419501127],"spin":[87000,725.351473922899],"win_big":[89000,8000],"win_big_outro":[98000,3000],"win_five_of_a_kind":[102000,3126.6893424036225],"win_meter_coin_loop":[107000,126.43990929704785],"win_meter_coin_outro":[109000,1268.049886621313],"win_meter_level_1":[112000,3720.9750566893404],"win_meter_level_2":[117000,7318.639455782318],"win_meter_level_3":[126000,11684.96598639456],"win_meter_level_4":[139000,23726.916099773232],"win_path":[164000,2634.126984126993]},"src":["assets/sound/sounds.ogg?v=1705392336926","assets/sound/sounds.m4a?v=1705392336926","assets/sound/sounds.mp3?v=1705392336926","assets/sound/sounds.ac3?v=1705392336926"]}