{"sprite":{"HighWin":[0,8000],"MediumWin":[9000,6000],"NormalWin":[16000,4000],"SmallWin":[21000,3500],"bgm":[26000,16686.757369614512,true],"bgmloading":[44000,5654.08163265306,true],"bigwin":[51000,7027.3469387755085],"bigwinOut":[60000,2200.0000000000027],"click":[64000,243.28798185941025],"fsbgm":[66000,20118.367346938783,true],"megawin":[88000,10193.083900226753],"megawinOut":[100000,1799.9999999999973],"reel_spin_bgm":[103000,4222.607709750562,true],"scatterV1":[109000,1363.650793650791],"scatterV2":[112000,1363.650793650791],"scatterV3":[115000,1363.650793650791],"sfx_reel_stop":[118000,754.1043083900263],"spin":[120000,337.9365079365044],"win_cover":[122000,16686.757369614497],"win_symbol":[140000,2868.8208616780175]},"src":["assets/sound/sounds.ogg?v=1707709772042","assets/sound/sounds.m4a?v=1707709772042","assets/sound/sounds.mp3?v=1707709772042","assets/sound/sounds.ac3?v=1707709772042"]}