{"sprite":{"addfswin":[0,2995.034013605442],"bgm-info":[4000,21428.571428571428,true],"bgm":[27000,20000,true],"bgmfreespins":[48000,20000,true],"bgmloading":[69000,20000,true],"bgmwin":[90000,20000,true],"bonus":[111000,4217.800453514741],"click":[117000,243.28798185941025],"explode":[119000,1076.4399092970507],"fswinpanel":[122000,9654.37641723355],"level1":[133000,2049.297052154202],"level2":[137000,2337.482993197284],"level3":[141000,2505.4421768707584],"level4":[145000,2348.775510204092],"level5":[149000,4000],"reel_stop_scater":[154000,1934.6712018140693],"sfx_buttons":[157000,865.7369614512334],"sfx_glass_crack":[159000,809.6598639455692],"sfx_reel_stop":[161000,970.1133786848004],"spin":[163000,1404.0136054421737],"transition":[166000,3002.879818594096],"voice1":[171000,1695.0793650793514],"voice2":[174000,1676.1451247165553],"voice3":[177000,2032.3129251700607],"voice4":[181000,1775.9183673469465],"voice5":[184000,2080.2267573696154],"wild":[188000,3200.861678004543],"winmeterbgm":[193000,2142.8798185941105,true],"winmeterend":[197000,1728.4807256235695],"winpanel":[200000,9654.37641723355]},"src":["assets/sound/sounds.ogg?v=1704902166868","assets/sound/sounds.m4a?v=1704902166868","assets/sound/sounds.mp3?v=1704902166868","assets/sound/sounds.ac3?v=1704902166868"]}