{"sprite":{"addfswin":[0,2995.034013605442],"bgm-info":[4000,21428.571428571428,true],"bgm":[27000,16686.757369614512,true],"bgmfreespins":[45000,20000,true],"bgmloading":[66000,5654.08163265306,true],"bgmwin":[73000,20000,true],"bonus":[94000,4217.800453514741],"click":[100000,243.28798185941025],"explode":[102000,1076.4399092970507],"fswinpanel":[105000,9654.376417233565],"level1":[116000,2049.297052154202],"level2":[120000,2337.482993197284],"level3":[124000,2505.4421768707443],"level4":[128000,2348.775510204092],"level5":[132000,4000],"reel_stop_scater":[137000,1934.6712018140693],"sfx_buttons":[140000,865.7369614512334],"sfx_glass_crack":[142000,809.6598639455692],"sfx_reel_stop":[144000,970.1133786848004],"spin":[146000,1404.0136054421737],"transition":[149000,3002.879818594096],"voice1":[154000,1695.0793650793514],"voice2":[157000,1676.1451247165553],"voice3":[160000,2032.3129251700607],"voice4":[164000,1775.9183673469465],"voice5":[167000,2080.2267573696154],"wild":[171000,3200.861678004543],"winmeterbgm":[176000,2142.8798185941105,true],"winmeterend":[180000,1728.4807256235695],"winpanel":[183000,9654.37641723355]},"src":["assets/sound/sounds.ogg?v=1705993139782","assets/sound/sounds.m4a?v=1705993139782","assets/sound/sounds.mp3?v=1705993139782","assets/sound/sounds.ac3?v=1705993139782"]}