{"sprite":{"HighWin":[0,8000],"MediumWin":[9000,6000],"NormalWin":[16000,4000],"SmallWin":[21000,3500],"bgm":[26000,16686.757369614512,true],"bgmloading":[44000,5654.08163265306,true],"bigwin":[51000,7027.3469387755085],"bigwinOut":[60000,2200.0000000000027],"click":[64000,384.1950113378658],"fs_intro":[66000,5450.9750566893445],"fs_win_amount":[73000,5724.104308390025],"fsbgm":[80000,20118.367346938783,true],"jng_slotanticipation":[102000,4940.0226757369555],"megawin":[108000,10193.083900226753],"megawinOut":[120000,1799.9999999999973],"reel_spin_bgm":[123000,4222.607709750562,true],"scatterV1":[129000,1363.6507936508053],"scatterV2":[132000,1363.6507936508053],"scatterV3":[135000,1363.6507936508053],"scatter_win":[138000,4451.814058956927],"sfx_reel_stop":[144000,754.1043083900263],"spin":[146000,337.93650793651864],"win_cover":[148000,16686.757369614497],"win_symbol":[166000,2619.54648526077]},"src":["assets/sound/sounds.ogg?v=1711086465324","assets/sound/sounds.m4a?v=1711086465324","assets/sound/sounds.mp3?v=1711086465324","assets/sound/sounds.ac3?v=1711086465324"]}