{"sprite":{"HighWin":[0,22493.60544217687],"MediumWin":[24000,9598.730158730163],"NormalWin":[35000,4751.564625850342],"SmallWin":[41000,1766.938775510205],"bgm":[44000,14222.244897959186,true],"bigwin":[60000,6000],"click":[67000,339.36507936508065],"jng_5kindwin_win":[69000,2392.4036281179183],"loading_bgm":[73000,11707.346938775516,true],"reel_spin_bgm":[86000,3056.8707482993177,true],"reel_spin_bgm2":[91000,872.8344671201853,true],"reelstop":[93000,359.7052154194955],"scatter_stop":[95000,1333.85487528345],"spin":[98000,568.2993197278847],"symbol_0":[100000,2609.909297052155],"symbol_1":[104000,2609.909297052155],"symbol_10":[108000,1881.8820861678064],"symbol_11":[111000,2271.587301587303],"symbol_2":[115000,2716.9387755102007],"symbol_3":[119000,2716.9387755102007],"symbol_4":[123000,2923.7414965986372],"symbol_5":[127000,2354.4444444444534],"symbol_6":[131000,2279.0249433106455],"symbol_7":[135000,1988.503401360532],"symbol_8":[138000,2342.131519274375],"symbol_9":[142000,3515.646258503409]},"src":["assets/sound/sounds.ogg?v=1720693321754","assets/sound/sounds.m4a?v=1720693321754","assets/sound/sounds.mp3?v=1720693321754","assets/sound/sounds.ac3?v=1720693321754"]}