{"sprite":{"bgm-info":[0,21428.571428571428,true],"bgm-loading":[23000,8347.823129251701,true],"bgm":[33000,32653.06122448979,true],"bomb":[67000,1661.746031746034],"boss_bgm":[70000,23263.877551020414,true],"boss_wecolme_bgm":[95000,5090.907029478459,true],"cageclose":[102000,1092.1768707483038],"cageopen":[105000,1489.9546485260798],"cannon":[108000,1115.6916099773184],"click":[111000,271.11111111111086],"explosion_boss":[113000,2203.786848072568],"explosion_player":[117000,1420.9750566893433],"fire_bosscannon":[120000,1383.5827664399148],"fire_missedcannon":[123000,1536.326530612243],"fs_bgm":[126000,32653.06122448979,true],"kill_ship":[160000,1637.0748299319757],"point_bar_increase":[163000,1044.897959183686],"point_bar_sub":[166000,3056.326530612239],"pop_up_tip":[171000,1471.7460317460223],"reel_spin_loop_bgm":[174000,1372.1088435374043,true],"reel_stop":[177000,631.7006802721039],"shoot":[179000,823.832199546473],"spin":[181000,709.229024943312],"star":[183000,1550.340136054416],"start":[186000,4623.673469387768],"warning":[192000,1304.0136054421794]},"src":["assets/sound/sounds.ogg","assets/sound/sounds.m4a","assets/sound/sounds.mp3","assets/sound/sounds.ac3"]}