{"sprite":{"bgm-info":[0,21428.571428571428,true],"bgm-loading":[23000,21375.011337868487,true],"bgm":[46000,289752.0181405895,true],"bomb":[337000,1661.74603174602],"boss_bgm":[340000,289752.0181405896,true],"cannon":[631000,1436.7346938774972],"click":[634000,266.1451247165587],"kill_ship":[636000,1213.4240362811397],"point_bar_increase":[639000,1044.897959183686],"point_bar_sub":[642000,3056.3265306122958],"reel_spin_loop":[647000,2000],"shoot":[650000,1036.417233560087],"spin":[653000,709.2290249432835],"start":[655000,4623.673469387768],"warning":[661000,539.8639455781904]},"src":["assets/sound/sounds.ogg","assets/sound/sounds.m4a","assets/sound/sounds.mp3","assets/sound/sounds.ac3"]}