{"sprite":{"bgm-info":[0,21428.571428571428,true],"bgm-loading":[23000,21375.011337868487,true],"bgm":[46000,32651.111111111106,true],"bomb":[80000,1661.746031746034],"boss_bgm":[83000,289752.0181405895,true],"cannon":[374000,1436.734693877554],"click":[377000,266.1451247165587],"kill_ship":[379000,1213.4240362811965],"point_bar_increase":[382000,1044.897959183686],"point_bar_sub":[385000,3056.326530612239],"reel_spin_loop":[390000,2000],"shoot":[393000,1036.417233560087],"spin":[396000,709.2290249432835],"start":[398000,4623.673469387768],"warning":[404000,539.8639455782472]},"src":["assets/sound/sounds.ogg","assets/sound/sounds.m4a","assets/sound/sounds.mp3","assets/sound/sounds.ac3"]}