{"sprite":{"bgm-info":[0,21428.571428571428,true],"bgm-loading":[23000,8347.823129251701,true],"bgm":[33000,32651.111111111106,true],"bomb":[67000,1661.746031746034],"boss_bgm":[70000,34181.814058956916,true],"cannon":[106000,1436.734693877554],"click":[109000,271.11111111111086],"kill_ship":[111000,1213.4240362811825],"point_bar_increase":[114000,1044.897959183672],"point_bar_sub":[117000,3056.326530612239],"pop_up_tip":[122000,1471.7460317460364],"reel_spin_loop_bgm":[125000,1372.1088435374186,true],"reel_stop":[128000,631.7006802721039],"shoot":[130000,1036.417233560087],"spin":[133000,709.229024943312],"start":[135000,4623.673469387768],"warning":[141000,539.8639455782188]},"src":["assets/sound/sounds.ogg","assets/sound/sounds.m4a","assets/sound/sounds.mp3","assets/sound/sounds.ac3"]}