{"sprite":{"bgm-info":[0,21428.571428571428,true],"bgm-loading":[46000,8347.823129251701,true],"bgm":[56000,32651.111111111106,true],"bomb":[90000,1661.746031746034],"boss_bgm":[93000,34181.814058956916,true],"cannon":[129000,1436.734693877554],"click":[132000,266.1451247165587],"kill_ship":[134000,1213.4240362811681],"point_bar_increase":[137000,1044.897959183686],"point_bar_sub":[140000,3056.326530612239],"reel_spin_loop":[145000,2000],"shoot":[148000,1036.417233560087],"spin":[151000,709.229024943312],"start":[153000,4623.673469387768],"warning":[159000,539.8639455782188]},"src":["assets/sound/sounds.ogg","assets/sound/sounds.m4a","assets/sound/sounds.mp3","assets/sound/sounds.ac3"]}