{"sprite":{"bgm-info":[0,21428.571428571428,true],"bgm-loading":[23000,8347.823129251701,true],"bgm":[33000,32651.111111111106,true],"bomb":[67000,1661.746031746034],"boss_bgm":[70000,23263.877551020414,true],"boss_wecolme_bgm":[95000,3674.8979591836674,true],"cannon":[100000,1436.734693877554],"click":[103000,271.11111111111086],"kill_ship":[105000,1213.4240362811825],"point_bar_increase":[108000,1044.897959183672],"point_bar_sub":[111000,3056.326530612239],"pop_up_tip":[116000,1471.7460317460364],"reel_spin_loop_bgm":[119000,1372.1088435374186,true],"reel_stop":[122000,631.7006802721039],"shoot":[124000,1036.417233560087],"spin":[127000,709.229024943312],"start":[129000,4623.673469387768],"warning":[135000,539.8639455782188]},"src":["assets/sound/sounds.ogg","assets/sound/sounds.m4a","assets/sound/sounds.mp3","assets/sound/sounds.ac3"]}