{"sprite":{"bgm-info":[0,21428.571428571428,true],"bgm-loading":[23000,21375.011337868487,true],"bgm":[46000,3840.0000000000036,true],"bomb":[51000,1661.746031746034],"boss_bgm":[54000,11023.673469387759,true],"cannon":[67000,1436.734693877554],"click":[70000,266.1451247165587],"kill_ship":[72000,1213.4240362811825],"point_bar_increase":[75000,1044.897959183672],"point_bar_sub":[78000,3056.326530612239],"reel_spin_loop":[83000,2000],"shoot":[86000,1036.417233560087],"spin":[89000,709.229024943312],"start":[91000,4623.673469387753]},"src":["assets/sound/sounds.ogg","assets/sound/sounds.m4a","assets/sound/sounds.mp3","assets/sound/sounds.ac3"]}