{"sprite":{"bgm-info":[0,21428.571428571428,true],"bgm":[23000,19200.02267573696,true],"click":[44000,266.1451247165516]},"src":["assets/sound/sounds.ogg","assets/sound/sounds.m4a","assets/sound/sounds.mp3","assets/sound/sounds.ac3"]}