{"sprite":{"bgm-free":[0,20571.451247165533,true],"bgm-loading":[22000,5128.208616780046,true],"bgm-main":[29000,24615.396825396827,true],"bigwin_level_body":[55000,8000],"bigwin_level_outro":[64000,1671.6326530612237],"bonus_free_spin_win":[67000,4420.952380952386],"button":[73000,205.7142857142793],"button_bonus":[75000,504.5578231292467],"collapse":[77000,1372.1541950113333],"free_spin_win":[80000,5298.16326530613],"freespin_in":[87000,3130.6575963718756],"hp_win":[92000,1739.0249433106533],"lp_win":[95000,1313.2879818594176],"multiplier1":[98000,1547.2108843537455],"multiplier2":[101000,1755.4875283446734],"multiplier3":[104000,1806.326530612239],"multiplier4":[107000,1541.8594104308454],"reelspinningbgm":[110000,2500,true],"scale1":[114000,534.4444444444463],"scale10":[116000,594.4444444444485],"scale2":[118000,564.6938775510222],"scale20":[120000,674.4444444444468],"scale3":[122000,675.6916099773207],"scale30":[124000,795.3968253968213],"scale4":[126000,633.6281179138297],"scale5":[128000,544.4444444444514],"scale50":[130000,654.6938775510114],"scale6":[132000,564.4444444444332],"sfx_button_bonus_purchase":[134000,2716.258503401349],"sfx_sym_wild_transform":[138000,2645.8503401360645],"slotfire_scatter":[142000,4000],"spin":[147000,1354.3083900226804],"sym_stop":[150000,400.2721088435237],"sym_stop1":[152000,182.01814058957666],"win_scatter1":[154000,1407.1655328798158],"win_scatter2":[157000,1617.5056689342284],"win_scatter3":[160000,1899.5238095237994],"winmeter1":[163000,3720.9750566893545],"winmeter2":[168000,7318.639455782318],"winmeter3":[177000,11684.96598639456],"winmeter4":[190000,23726.916099773232]},"src":["assets/sounds.ogg?v=1718186012011","assets/sounds.m4a?v=1718186012011","assets/sounds.mp3?v=1718186012011","assets/sounds.ac3?v=1718186012011"]}