{"sprite":{"bgm-free":[0,20571.451247165533,true],"bgm-loading":[22000,5128.208616780046,true],"bgm-main":[29000,24615.396825396827,true],"bigwin_level_body":[55000,8000],"bigwin_level_outro":[64000,1671.6326530612237],"bonus_free_spin_win":[67000,4420.952380952386],"button":[73000,205.7142857142793],"button_bonus":[75000,504.5578231292467],"c_2tiao":[77000,754.4444444444451],"c_2tong":[79000,849.25170068027],"c_3tong":[81000,759.9319727891185],"c_5tiao":[83000,789.2517006802677],"c_5tong":[85000,877.2562358276588],"c_8wan":[87000,881.7006802721039],"c_baiban":[89000,579.251700680274],"c_facai":[91000,671.3378684807196],"c_hongzhong":[93000,619.9319727891179],"c_quanzhong":[95000,959.2517006802694],"collapse":[97000,1372.1541950113333],"free_spin_win":[100000,5298.16326530613],"freespin_in":[107000,3130.6575963718756],"hp_win":[112000,1739.0249433106533],"jng_winmeter_high_bgm":[115000,126.43990929704785,true],"lp_win":[117000,1313.2879818594176],"multiplier1":[120000,1547.2108843537455],"multiplier2":[123000,1755.4875283446734],"multiplier3":[126000,1806.326530612239],"multiplier4":[129000,1541.8594104308454],"reelspinningbgm":[132000,2500,true],"scale1":[136000,534.4444444444321],"scale10":[138000,594.4444444444343],"scale2":[140000,564.693877551008],"scale20":[142000,674.4444444444468],"scale3":[144000,675.6916099773207],"scale30":[146000,795.3968253968355],"scale4":[148000,633.6281179138439],"scale5":[150000,544.4444444444514],"scale50":[152000,654.6938775510114],"scale6":[154000,564.4444444444332],"sfx_button_bonus_purchase":[156000,2716.258503401349],"sfx_sym_wild_transform":[160000,2645.8503401360645],"slotfire_scatter":[164000,4000],"spin":[169000,1354.3083900226804],"sym_stop":[172000,400.2721088435237],"sym_stop1":[174000,182.01814058957666],"win_scatter1":[176000,1407.1655328798158],"win_scatter2":[179000,1617.5056689342284],"win_scatter3":[182000,1899.5238095237994],"winmeter1":[185000,3720.9750566893545],"winmeter2":[190000,7318.639455782318],"winmeter3":[199000,11684.96598639456],"winmeter4":[212000,23726.916099773232]},"src":["assets/sounds.ogg?v=1719225374504","assets/sounds.m4a?v=1719225374504","assets/sounds.mp3?v=1719225374504","assets/sounds.ac3?v=1719225374504"]}