{"sprite":{"bgm-free":[0,20571.451247165533,true],"bgm-loading":[22000,5128.208616780046,true],"bgm-main":[29000,24615.396825396827,true],"bigwin_level_body":[55000,8000],"bigwin_level_outro":[64000,1671.6326530612237],"bonus_free_spin_win":[67000,4420.952380952386],"button":[73000,205.7142857142793],"button_bonus":[75000,504.5578231292467],"collapse":[77000,1372.1541950113333],"free_spin_win":[80000,5298.16326530613],"freespin_in":[87000,3130.6575963718756],"hp_win":[92000,1739.0249433106533],"jng_winmeter_high_bgm":[95000,126.43990929704785,true],"lp_win":[97000,1313.2879818594176],"multiplier1":[100000,1547.2108843537455],"multiplier2":[103000,1755.4875283446734],"multiplier3":[106000,1806.326530612239],"multiplier4":[109000,1541.8594104308454],"reelspinningbgm":[112000,2500,true],"scale1":[116000,534.4444444444463],"scale10":[118000,594.4444444444485],"scale2":[120000,564.6938775510222],"scale20":[122000,674.4444444444468],"scale3":[124000,675.6916099773207],"scale30":[126000,795.3968253968213],"scale4":[128000,633.6281179138439],"scale5":[130000,544.4444444444514],"scale50":[132000,654.6938775510114],"scale6":[134000,564.4444444444332],"sfx_button_bonus_purchase":[136000,2716.258503401349],"sfx_sym_wild_transform":[140000,2645.8503401360645],"slotfire_scatter":[144000,4000],"spin":[149000,1354.3083900226804],"sym_stop":[152000,400.2721088435237],"sym_stop1":[154000,182.01814058957666],"win_scatter1":[156000,1407.1655328798158],"win_scatter2":[159000,1617.5056689342284],"win_scatter3":[162000,1899.5238095237994],"winmeter1":[165000,3720.9750566893545],"winmeter2":[170000,7318.639455782318],"winmeter3":[179000,11684.96598639456],"winmeter4":[192000,23726.916099773232]},"src":["assets/sounds.ogg?v=1718956254744","assets/sounds.m4a?v=1718956254744","assets/sounds.mp3?v=1718956254744","assets/sounds.ac3?v=1718956254744"]}