{
  "sprite": {
    "bgm": [
      0,
      17568.004535147393,
      true
    ],
    "reelstop": [
      19000,
      541.0884353741494
    ],
    "spin": [
      21000,
      1906.9387755102057
    ],
    "symbol_0": [
      24000,
      2386.7573696145146
    ],
    "symbol_1": [
      28000,
      2386.7573696145146
    ],
    "symbol_10": [
      32000,
      2375.1700680272093
    ],
    "symbol_11": [
      36000,
      2384.1043083900217
    ],
    "symbol_2": [
      40000,
      2237.596371882084
    ],
    "symbol_3": [
      44000,
      2237.596371882084
    ],
    "symbol_4": [
      48000,
      2199.6825396825416
    ],
    "symbol_5": [
      52000,
      2728.752834467123
    ],
    "symbol_6": [
      56000,
      2480.090702947848
    ],
    "symbol_7": [
      60000,
      2190.181405895693
    ],
    "symbol_8": [
      64000,
      2210.3401360544267
    ],
    "symbol_9": [
      68000,
      2688.185941043088
    ],
    "winmeter": [
      72000,
      1010.430839002268
    ]
  },
  "src": [
    "assets/sound/sounds.ogg",
    "assets/sound/sounds.m4a",
    "assets/sound/sounds.mp3",
    "assets/sound/sounds.ac3"
  ]
}