{
  "sprite": {
    "bgm": [
      0,
      17568.004535147393,
      true
    ],
    "reelstop1": [
      19000,
      541.0884353741494
    ],
    "reelstop2": [
      21000,
      532.3356009070288
    ],
    "reelstop3": [
      23000,
      528.5034013605455
    ],
    "reelstop4": [
      25000,
      493.0839002267575
    ],
    "reelstop5": [
      27000,
      514.9206349206352
    ],
    "symbol_0": [
      29000,
      2386.7573696145146
    ],
    "symbol_1": [
      33000,
      2386.7573696145146
    ],
    "symbol_10": [
      37000,
      2375.1700680272093
    ],
    "symbol_11": [
      41000,
      2384.1043083900217
    ],
    "symbol_2": [
      45000,
      2237.596371882084
    ],
    "symbol_3": [
      49000,
      2237.596371882084
    ],
    "symbol_4": [
      53000,
      2199.6825396825416
    ],
    "symbol_5": [
      57000,
      2728.752834467123
    ],
    "symbol_6": [
      61000,
      2480.090702947848
    ],
    "symbol_7": [
      65000,
      2190.181405895686
    ],
    "symbol_8": [
      69000,
      2210.3401360544267
    ],
    "symbol_9": [
      73000,
      2688.185941043088
    ]
  },
  "src": [
    "assets/sound/sounds.ogg",
    "assets/sound/sounds.m4a",
    "assets/sound/sounds.mp3",
    "assets/sound/sounds.ac3"
  ]
}