{
  "sprite": {
    "bgm-info": [
      0,
      21428.571428571428,
      true
    ],
    "bgm-loading": [
      23000,
      21375.011337868487,
      true
    ],
    "bgm": [
      46000,
      158592.0181405896,
      true
    ],
    "bomb": [
      206000,
      1661.74603174602
    ],
    "boss_bgm": [
      209000,
      289752.0181405895,
      true
    ],
    "cannon": [
      500000,
      1436.734693877554
    ],
    "click": [
      503000,
      266.1451247165587
    ],
    "kill_ship": [
      505000,
      1213.4240362811965
    ],
    "point_bar_increase": [
      508000,
      1044.897959183686
    ],
    "point_bar_sub": [
      511000,
      3056.3265306122958
    ],
    "reel_spin_loop": [
      516000,
      2000
    ],
    "shoot": [
      519000,
      1036.417233560087
    ],
    "spin": [
      522000,
      709.2290249432835
    ],
    "start": [
      524000,
      4623.673469387768
    ]
  },
  "src": [
    "assets/sound/sounds.ogg",
    "assets/sound/sounds.m4a",
    "assets/sound/sounds.mp3",
    "assets/sound/sounds.ac3"
  ]
}