{"sprite":{"5ofkindwin":[0,4000],"bgm":[5000,33882.358276643994,true],"bonus_win":[40000,4000],"click":[45000,1000],"extra_fs":[47000,2500],"fs_bgm":[51000,34909.09297052154,true],"gunfire":[87000,2500],"into_fs":[91000,3620.0000000000045],"loading_bgm":[96000,33882.358276644,true],"out_fs":[131000,6000],"reel_spin":[138000,2000],"reelstop":[141000,1500],"reelstop_bonus":[144000,3000],"reelstop_scatter":[148000,2000],"scatter_win":[151000,2790.340136054425],"spin":[155000,1000],"win_big":[157000,7900.226757369609],"win_boy":[166000,3215.215419501135],"win_symbol":[171000,2000],"winmeter_bgm":[174000,987.3015873016016,true],"winmeter_outro":[176000,1000],"winwithwildfire":[178000,1750]},"src":["assets/sound/sounds.ogg?v=1712288046006","assets/sound/sounds.m4a?v=1712288046006","assets/sound/sounds.mp3?v=1712288046006","assets/sound/sounds.ac3?v=1712288046006"]}