{"sprite":{"Appear":[0,1743.5600907029477],"Highlight":[3000,1937.6643990929701],"Pop_Up":[6000,2310.8616780045354],"bgm":[10000,16271.201814058959,true],"click":[28000,246.25850340136068],"collapse":[30000,2255.464852607709],"drop":[34000,477.52834467119953],"loading_bgm":[36000,4000,true],"reel_stop":[41000,373.24263038549077],"sfx_panel_display":[43000,1460.1587301587315],"spin":[46000,176.0770975056687],"win_big":[48000,9600.000000000002],"win_big_outro":[59000,1590.7936507936497],"win_layer":[62000,16271.201814058955],"winmeter_bgm":[80000,987.3015873015873,true],"winmeter_outro":[82000,1000]},"src":["assets/sound/sounds.ogg?v=1712130965762","assets/sound/sounds.m4a?v=1712130965762","assets/sound/sounds.mp3?v=1712130965762","assets/sound/sounds.ac3?v=1712130965762"]}