{"sprite":{"bgm":[0,16271.201814058959,true],"click":[18000,246.25850340136068],"collapse":[20000,2255.464852607709],"loading_bgm":[24000,4000,true],"reel_stop":[29000,373.24263038548725],"spin":[31000,176.0770975056687],"win_big":[33000,15000],"win_big_outro":[49000,3750],"winmeter_bgm":[54000,987.3015873015873,true],"winmeter_outro":[56000,1000]},"src":["assets/sound/sounds.ogg?v=1709280763179","assets/sound/sounds.m4a?v=1709280763179","assets/sound/sounds.mp3?v=1709280763179","assets/sound/sounds.ac3?v=1709280763179"]}