{"sprite":{"HighWin":[0,8000],"MediumWin":[9000,6000],"NormalWin":[16000,4000],"SmallWin":[21000,3500],"bgm":[26000,11296.938775510207,true],"loading_bgm":[39000,6399.999999999998,true],"reel_spin_bgm":[47000,1000,true],"spin":[49000,500],"win_big":[51000,15000],"win_big_outro":[67000,3750]},"src":["assets/sound/sounds.ogg?v=1706846277391","assets/sound/sounds.m4a?v=1706846277391","assets/sound/sounds.mp3?v=1706846277391","assets/sound/sounds.ac3?v=1706846277391"]}