{"sprite":{"bgm":[0,33882.358276643994,true],"click":[35000,1000],"fs_bgm":[37000,34909.09297052154,true],"gunfire":[73000,2500],"loading_bgm":[77000,33882.358276644,true],"reel_spin":[112000,2000],"reelstop":[115000,1500],"reelstop_bonus":[118000,3000],"reelstop_scatter":[122000,2000],"spin":[125000,1000],"win_big":[127000,15000],"win_big_outro":[143000,3750],"win_boy":[148000,3215.215419501135],"win_symbol":[153000,2000],"winmeter_bgm":[156000,987.3015873016016,true],"winmeter_outro":[158000,1000],"winwithwildfire":[160000,1750]},"src":["assets/sound/sounds.ogg?v=1709275981071","assets/sound/sounds.m4a?v=1709275981071","assets/sound/sounds.mp3?v=1709275981071","assets/sound/sounds.ac3?v=1709275981071"]}