{"sprite":{"HighWin":[0,22493.60544217687],"MediumWin":[24000,9598.730158730163],"NormalWin":[35000,4751.564625850342],"SmallWin":[41000,1766.938775510205],"bgm":[44000,33882.358276644,true],"click":[79000,1000],"fs_bgm":[81000,34909.09297052154,true],"loading_bgm":[117000,33882.358276644,true],"reel_spin":[152000,1000],"reelstop":[154000,1500],"reelstop_bonus":[157000,3000],"reelstop_scatter":[161000,2000],"spin":[164000,1000],"win_big":[166000,15000],"win_big_outro":[182000,3750]},"src":["assets/sound/sounds.ogg?v=1709000622802","assets/sound/sounds.m4a?v=1709000622802","assets/sound/sounds.mp3?v=1709000622802","assets/sound/sounds.ac3?v=1709000622802"]}