{"sprite":{"bgm":[0,33882.358276643994,true],"bonus_win":[35000,4000],"click":[40000,1000],"extra_fs":[42000,2500],"fs_bgm":[46000,34909.09297052154,true],"gunfire":[82000,2500],"into_fs":[86000,3620.0000000000045],"loading_bgm":[91000,33882.358276644,true],"out_fs":[126000,6000],"reel_spin":[133000,2000],"reelstop":[136000,1500],"reelstop_bonus":[139000,3000],"reelstop_scatter":[143000,2000],"scatter_win":[146000,2790.340136054425],"spin":[150000,1000],"win_big":[152000,8000],"win_big_outro":[161000,6000],"win_boy":[168000,3215.215419501135],"win_symbol":[173000,2000],"winmeter_bgm":[176000,987.3015873016016,true],"winmeter_outro":[178000,1000],"winwithwildfire":[180000,1750]},"src":["assets/sound/sounds.ogg?v=1710492258219","assets/sound/sounds.m4a?v=1710492258219","assets/sound/sounds.mp3?v=1710492258219","assets/sound/sounds.ac3?v=1710492258219"]}