{"sprite":{"HighWin":[0,8000],"MediumWin":[9000,6000],"NormalWin":[16000,4000],"SmallWin":[21000,3500],"bgm":[26000,33882.358276643994,true],"click":[61000,339.36507936508065],"loading_bgm":[63000,33882.358276644,true],"reel_spin_bgm":[98000,428.5714285714306,true],"reelstop":[100000,500],"spin":[102000,1000],"win_big":[104000,15000],"win_big_outro":[120000,3750]},"src":["assets/sound/sounds.ogg?v=1708079924390","assets/sound/sounds.m4a?v=1708079924390","assets/sound/sounds.mp3?v=1708079924390","assets/sound/sounds.ac3?v=1708079924390"]}