{"sprite":{"HighWin":[0,8000],"MediumWin":[9000,6000],"NormalWin":[16000,4000],"SmallWin":[21000,3500],"bgm":[26000,33882.358276643994,true],"click":[61000,1000],"fs_bgm":[63000,34909.09297052154,true],"loading_bgm":[99000,33882.358276644,true],"reel_spin":[134000,1000],"reelstop":[136000,1500],"reelstop_bonus":[139000,3000],"reelstop_scatter":[143000,2000],"spin":[146000,1000],"win_big":[148000,15000],"win_big_outro":[164000,3750]},"src":["assets/sound/sounds.ogg?v=1708624197874","assets/sound/sounds.m4a?v=1708624197874","assets/sound/sounds.mp3?v=1708624197874","assets/sound/sounds.ac3?v=1708624197874"]}