{"sprite":{"HighWin":[0,8000],"MediumWin":[9000,6000],"NormalWin":[16000,4000],"SmallWin":[21000,3500],"bgm":[26000,11296.938775510207,true],"click":[39000,736.031746031749],"game_logo_sfx":[41000,3872.9251700680293],"loading_bgm":[46000,6399.999999999998,true],"reel_spin_bgm":[54000,1000,true],"reel_stop":[56000,1000],"reel_stop_wild":[58000,1498.0272108843521],"sfx_wild_expand":[61000,5445.850340136048],"sfx_winline_panel":[68000,2000],"short_win_panel":[71000,1447.9365079365039],"spin":[74000,500],"spin_press":[76000,3538.2086167800394],"win_big":[81000,15000],"win_big_outro":[97000,3750],"win_cover":[102000,8500],"win_five_of_a_kind":[112000,3126.6893424036225],"win_meter_coin_loop":[117000,126.43990929704785],"win_meter_coin_outro":[119000,1268.049886621313],"win_path":[122000,2634.126984126979]},"src":["assets/sound/sounds.ogg?v=1708499716380","assets/sound/sounds.m4a?v=1708499716380","assets/sound/sounds.mp3?v=1708499716380","assets/sound/sounds.ac3?v=1708499716380"]}