{"sprite":{"bgm-info":[0,21428.571428571428,true],"bgm":[23000,15000,true],"click":[39000,736.031746031749],"dragon_win_panel v2":[41000,1568.775510204084],"dragon_win_panel":[44000,1568.7528344671193],"game_logo_sfx":[47000,3260.47619047619],"loading_bgm":[52000,4948.458049886625,true],"mus_win_bgextension_layer":[58000,15000],"reel_spin_loop":[74000,2000],"reel_stop":[77000,523.1292517006807],"reel_stop_wild":[79000,1481.904761904758],"sfx_expanding_wild":[82000,5107.165532879819],"sfx_panel_display":[89000,900.5215419501127],"spin":[91000,725.351473922899],"win_big":[93000,8000],"win_big_outro":[102000,3000],"win_five_of_a_kind":[106000,3126.6893424036225],"win_meter_coin_loop":[111000,126.43990929704785],"win_meter_coin_outro":[113000,1268.049886621313],"win_meter_level_1":[116000,3720.9750566893404],"win_meter_level_2":[121000,7318.639455782318],"win_meter_level_3":[130000,11684.96598639456],"win_meter_level_4":[143000,23726.916099773232],"win_path":[168000,2634.126984126993]},"src":["assets/sound/sounds.ogg?v=1703130035803","assets/sound/sounds.m4a?v=1703130035803","assets/sound/sounds.mp3?v=1703130035803","assets/sound/sounds.ac3?v=1703130035803"]}