{"sprite":{"HighWin":[0,22493.60544217687],"MediumWin":[24000,9598.730158730163],"NormalWin":[35000,4751.564625850342],"SmallWin":[41000,1766.938775510205],"bgm":[44000,11296.938775510207,true],"click":[57000,736.031746031749],"game_logo_sfx":[59000,3872.9251700680293],"loading_bgm":[64000,6400.0000000000055,true],"reel_spin_bgm":[72000,1000,true],"reel_stop":[74000,1000],"reel_stop_wild":[76000,1498.0272108843592],"sfx_panel_display":[79000,1500],"sfx_panel_display1":[82000,2625.4195011337915],"sfx_wild_expand":[86000,5445.850340136048],"short_win_panel":[93000,1359.9999999999995],"spin":[96000,500],"spin_press":[98000,3538.2086167800394],"win_big":[103000,15000],"win_big_outro":[119000,3750],"win_cover":[124000,15000],"win_five_of_a_kind":[140000,3126.689342403637],"win_meter_coin_loop":[145000,126.43990929706206],"win_meter_coin_outro":[147000,1268.049886621327],"win_path":[150000,2634.126984126993]},"src":["assets/sound/sounds.ogg?v=1705654502811","assets/sound/sounds.m4a?v=1705654502811","assets/sound/sounds.mp3?v=1705654502811","assets/sound/sounds.ac3?v=1705654502811"]}