{"sprite":{"bgm":[0,11296.938775510205,true],"click":[13000,736.0317460317453],"game_logo_sfx":[15000,3872.9251700680256],"loading_bgm":[20000,6399.999999999998,true],"reel_spin_bgm":[28000,1000,true],"reel_stop":[30000,1000],"reel_stop_wild":[32000,1498.0272108843521],"sfx_panel_display":[35000,1500],"sfx_panel_display1":[38000,2625.4195011337843],"sfx_wild_expand":[42000,5445.850340136055],"short_win_panel":[49000,1359.9999999999995],"spin":[52000,500],"spin_press":[54000,3538.2086167800467],"win_big":[59000,8000],"win_big_outro":[68000,3000],"win_cover":[72000,15000],"win_five_of_a_kind":[88000,3126.6893424036225],"win_meter_coin_loop":[93000,126.43990929704785],"win_meter_coin_outro":[95000,1268.049886621313],"win_meter_level_1":[98000,3720.9750566893404],"win_meter_level_2":[103000,7318.639455782318],"win_meter_level_3":[112000,11684.96598639456],"win_meter_level_4":[125000,23726.916099773232],"win_path":[150000,2634.126984126993]},"src":["assets/sound/sounds.ogg?v=1705647780054","assets/sound/sounds.m4a?v=1705647780054","assets/sound/sounds.mp3?v=1705647780054","assets/sound/sounds.ac3?v=1705647780054"]}