{"sprite":{"MediumWin":[0,9598.730158730159],"NormalWin":[11000,4751.56462585034],"SmallWin":[17000,1766.938775510205],"bgm-info":[20000,21428.57142857143,true],"bgm":[43000,14222.244897959186,true],"click":[59000,339.36507936508065],"loading_bgm":[61000,11707.346938775516,true],"reel_spin_bgm":[74000,3056.8707482993177,true],"reel_spin_bgm2":[79000,872.8344671201853,true],"reelstop":[81000,359.7052154194955],"spin":[83000,568.2993197278847],"symbol_0":[85000,2386.7573696145146],"symbol_1":[89000,2386.7573696145146],"symbol_10":[93000,2375.1700680272165],"symbol_11":[97000,2384.1043083900217],"symbol_2":[101000,2237.5963718820913],"symbol_3":[105000,2237.5963718820913],"symbol_4":[109000,2199.6825396825416],"symbol_5":[113000,2728.752834467116],"symbol_6":[117000,2480.090702947848],"symbol_7":[121000,2190.181405895686],"symbol_8":[125000,2210.3401360544267],"symbol_9":[129000,2688.185941043088],"winmeter":[133000,1010.4308390022538]},"src":["assets/sound/sounds.ogg?v=1700797377423","assets/sound/sounds.m4a?v=1700797377423","assets/sound/sounds.mp3?v=1700797377423","assets/sound/sounds.ac3?v=1700797377423"]}