{"sprite":{"HighWin":[0,22493.60544217687],"MediumWin":[24000,9598.730158730163],"NormalWin":[35000,4751.564625850342],"SmallWin":[41000,1766.938775510205],"bgm-info":[44000,21428.57142857143,true],"bgm":[67000,15023.310657596368,true],"bigwin":[84000,10031.020408163273],"click":[96000,339.36507936508065],"jng_5kindwin_win":[98000,5038.730158730161],"loading_bgm":[105000,5038.730158730161,true],"reel_spin_bgm":[112000,2043.356009070294,true],"reel_spin_bgm2":[116000,1024.4217687074838,true],"reelstop":[119000,359.7052154194955],"scatter_stop":[121000,1333.85487528345],"spin":[124000,568.2993197278847],"symbol_0":[126000,1989.5011337868455],"symbol_1":[129000,2043.356009070294],"symbol_10":[133000,3041.814058956902],"symbol_11":[138000,3041.814058956902],"symbol_2":[143000,1989.0249433106533],"symbol_3":[146000,2043.356009070294],"symbol_4":[150000,3041.814058956902],"symbol_5":[155000,1987.6190476190345],"symbol_6":[158000,2043.356009070294],"symbol_7":[162000,2043.356009070294],"symbol_8":[166000,2018.9569160997678],"symbol_9":[170000,3041.814058956902]},"src":["assets/sound/sounds.ogg?v=1715307771119","assets/sound/sounds.m4a?v=1715307771119","assets/sound/sounds.mp3?v=1715307771119","assets/sound/sounds.ac3?v=1715307771119"]}