{"sprite":{"bgm-info":[0,21428.571428571428,true],"bgm":[23000,14222.244897959186,true],"click":[39000,243.28798185941025],"loading_bgm":[41000,11707.346938775509,true],"reelstop":[54000,541.0884353741494],"spin":[56000,1906.9387755102057],"symbol_0":[59000,2386.7573696145146],"symbol_1":[63000,2386.7573696145146],"symbol_10":[67000,2375.1700680272165],"symbol_11":[71000,2384.1043083900217],"symbol_2":[75000,2237.5963718820913],"symbol_3":[79000,2237.5963718820913],"symbol_4":[83000,2199.6825396825416],"symbol_5":[87000,2728.752834467116],"symbol_6":[91000,2480.090702947848],"symbol_7":[95000,2190.181405895686],"symbol_8":[99000,2210.3401360544267],"symbol_9":[103000,2688.185941043088],"winmeter":[107000,1010.430839002268]},"src":["assets/sound/sounds.ogg","assets/sound/sounds.m4a","assets/sound/sounds.mp3","assets/sound/sounds.ac3"]}