{"sprite":{"Ambience_bgm":[0,19592.69841269841,true],"bgm-info":[21000,21428.57142857143,true],"bgm":[44000,19200.02267573696,true],"click":[65000,266.1451247165587],"intro":[67000,5008.140589569166],"jackpot_win2":[74000,5663.990929705222],"jgn_jackpot_winpanel3":[90000,7349.138321995469],"jng_Cluster_win2":[99000,2023.537414965986],"jng_bigwin2":[103000,7678.117913832196],"jng_bigwin_outro2":[112000,2401.8820861678023],"loading_bgm":[116000,4800.022675736955,true],"mus_win_bgextension_layer_1_3":[122000,19200.02267573696],"reel_stop":[143000,908.2086167800583],"sfx_bigwin_electricity":[145000,1019.9092970521519],"sfx_collapse_1_2":[148000,2744.7619047619014],"sfx_collapse_2_2":[152000,3088.0045351474055],"sfx_collapse_3_2":[157000,2883.083900226751],"sfx_collapse_4_2":[161000,2046.6893424036243],"sfx_collapse_5_2":[165000,2517.6417233560073],"sfx_panel_display2":[169000,1108.8662131519413],"spin":[172000,1237.5736961451196]},"src":["assets/sound/sounds.ogg","assets/sound/sounds.m4a","assets/sound/sounds.mp3","assets/sound/sounds.ac3"]}