{"sprite":{"bgm-info":[0,21428.571428571428,true],"bgm":[23000,14222.244897959186,true],"click":[39000,339.36507936508065],"loading_bgm":[41000,11707.346938775509,true],"reel_spin_bgm":[54000,3056.8707482993177,true],"reel_spin_bgm2":[59000,872.8344671201783,true],"reelstop":[61000,359.7052154195026],"spin":[63000,568.2993197278918],"symbol_0":[65000,2386.7573696145146],"symbol_1":[69000,2386.7573696145146],"symbol_10":[73000,2375.1700680272165],"symbol_11":[77000,2384.1043083900217],"symbol_2":[81000,2237.5963718820913],"symbol_3":[85000,2237.5963718820913],"symbol_4":[89000,2199.6825396825416],"symbol_5":[93000,2728.752834467116],"symbol_6":[97000,2480.090702947848],"symbol_7":[101000,2190.181405895686],"symbol_8":[105000,2210.3401360544267],"symbol_9":[109000,2688.185941043088],"winmeter":[113000,1010.430839002268]},"src":["assets/sound/sounds.ogg?v=1699960462834","assets/sound/sounds.m4a?v=1699960462834","assets/sound/sounds.mp3?v=1699960462834","assets/sound/sounds.ac3?v=1699960462834"]}