{"sprite":{"HighWin":[0,22493.60544217687],"MediumWin":[24000,9598.730158730163],"NormalWin":[35000,4751.564625850342],"SmallWin":[41000,1766.938775510205],"bgm-info":[44000,21428.57142857143,true],"bgm":[67000,14222.244897959186,true],"bigwin":[83000,6000],"click":[90000,339.36507936508065],"jng_5kindwin_win":[92000,2392.4036281179183],"loading_bgm":[96000,11707.346938775516,true],"reel_spin_bgm":[109000,3056.8707482993177,true],"reel_spin_bgm2":[114000,872.8344671201853,true],"reelstop":[116000,359.7052154194955],"spin":[118000,568.2993197278847],"symbol_0":[120000,1445.4195011337845],"symbol_1":[123000,1445.4195011337845],"symbol_11":[126000,1735.5782312925214],"symbol_2":[129000,1622.5850340136105],"symbol_3":[132000,1622.5850340136105],"symbol_4":[135000,1958.503401360531],"symbol_5":[138000,1702.5850340135946],"symbol_6":[141000,3000],"symbol_7":[145000,3750],"symbol_8":[150000,1940.2721088435442],"symbol_9":[153000,2531.2698412698464]},"src":["assets/sound/sounds.ogg?v=1701680303645","assets/sound/sounds.m4a?v=1701680303645","assets/sound/sounds.mp3?v=1701680303645","assets/sound/sounds.ac3?v=1701680303645"]}