{"sprite":{"HighWin":[0,22493.60544217687],"MediumWin":[24000,9598.730158730163],"NormalWin":[35000,4751.564625850342],"SmallWin":[41000,1766.938775510205],"bgm-info":[44000,21428.57142857143,true],"bgm":[67000,14222.244897959186,true],"bigwin":[83000,6000],"click":[90000,339.36507936508065],"jng_5kindwin_win":[92000,2392.4036281179183],"loading_bgm":[96000,11707.346938775516,true],"reel_spin_bgm":[109000,3056.8707482993177,true],"reel_spin_bgm2":[114000,872.8344671201853,true],"reelstop":[116000,359.7052154194955],"spin":[118000,568.2993197278847],"symbol_0":[120000,2386.7573696145146],"symbol_1":[124000,2386.7573696145146],"symbol_10":[128000,2375.1700680272165],"symbol_11":[132000,2384.1043083900217],"symbol_2":[136000,2237.5963718820913],"symbol_3":[140000,2237.5963718820913],"symbol_4":[144000,2199.682539682527],"symbol_5":[148000,2728.752834467116],"symbol_6":[152000,2480.090702947848],"symbol_7":[156000,2190.181405895686],"symbol_8":[160000,2210.3401360544126],"symbol_9":[164000,2688.185941043088]},"src":["assets/sound/sounds.ogg?v=1701311248724","assets/sound/sounds.m4a?v=1701311248724","assets/sound/sounds.mp3?v=1701311248724","assets/sound/sounds.ac3?v=1701311248724"]}