{"sprite":{"bgm-info":[0,21428.571428571428,true],"bgm":[23000,17568.004535147396,true],"click":[42000,243.28798185941025],"loading_bgm":[44000,4800.022675736962,true],"reelstop":[50000,541.0884353741494],"spin":[52000,1906.9387755102057],"symbol_0":[55000,2386.7573696145146],"symbol_1":[59000,2386.7573696145146],"symbol_10":[63000,2375.1700680272165],"symbol_11":[67000,2384.1043083900217],"symbol_2":[71000,2237.5963718820913],"symbol_3":[75000,2237.5963718820913],"symbol_4":[79000,2199.6825396825416],"symbol_5":[83000,2728.752834467116],"symbol_6":[87000,2480.090702947848],"symbol_7":[91000,2190.181405895686],"symbol_8":[95000,2210.3401360544267],"symbol_9":[99000,2688.185941043088],"winmeter":[103000,1010.430839002268]},"src":["assets/sound/sounds.ogg","assets/sound/sounds.m4a","assets/sound/sounds.mp3","assets/sound/sounds.ac3"]}