{"sprite":{"HighWin":[0,22493.60544217687],"MediumWin":[24000,9598.730158730163],"NormalWin":[35000,4751.564625850342],"SmallWin":[41000,1766.938775510205],"bgm-info":[44000,21428.57142857143,true],"bgm":[67000,14222.244897959186,true],"bigwin":[83000,6000],"click":[90000,339.36507936508065],"jng_5kindwin_win":[92000,2392.4036281179183],"loading_bgm":[96000,11707.346938775516,true],"reel_spin_bgm":[109000,3056.8707482993177,true],"reel_spin_bgm2":[114000,872.8344671201853,true],"reelstop":[116000,359.7052154194955],"scatter_stop":[118000,1333.85487528345],"spin":[121000,568.2993197278847],"symbol_0":[123000,2609.909297052155],"symbol_1":[127000,2609.909297052155],"symbol_10":[131000,1881.882086167792],"symbol_11":[134000,2271.5873015872885],"symbol_2":[138000,2716.9387755102152],"symbol_3":[142000,2716.9387755102152],"symbol_4":[146000,2923.7414965986372],"symbol_5":[150000,2354.4444444444534],"symbol_6":[154000,2279.0249433106455],"symbol_7":[158000,1988.503401360532],"symbol_8":[161000,2342.131519274375],"symbol_9":[165000,3515.646258503409]},"src":["assets/sound/sounds.ogg?v=1703155499145","assets/sound/sounds.m4a?v=1703155499145","assets/sound/sounds.mp3?v=1703155499145","assets/sound/sounds.ac3?v=1703155499145"]}