{"sprite":{"bgm-info":[0,21428.571428571428,true],"bgm":[23000,17568.004535147396,true],"click":[42000,243.28798185941025],"reelstop":[44000,541.0884353741494],"spin":[46000,1906.9387755102057],"symbol_0":[49000,2386.7573696145146],"symbol_1":[53000,2386.7573696145146],"symbol_10":[57000,2375.1700680272093],"symbol_11":[61000,2384.1043083900217],"symbol_2":[65000,2237.5963718820913],"symbol_3":[69000,2237.5963718820913],"symbol_4":[73000,2199.6825396825416],"symbol_5":[77000,2728.752834467116],"symbol_6":[81000,2480.090702947848],"symbol_7":[85000,2190.181405895686],"symbol_8":[89000,2210.3401360544267],"symbol_9":[93000,2688.185941043088],"winmeter":[97000,1010.430839002268]},"src":["assets/sound/sounds.ogg","assets/sound/sounds.m4a","assets/sound/sounds.mp3","assets/sound/sounds.ac3"]}