{
  "sprite": {
    "bgm": [
      0,
      15000,
      true
    ],
    "click": [
      16000,
      736.0317460317453
    ],
    "dragon_win_panel v2": [
      18000,
      1568.7755102040803
    ],
    "dragon_win_panel": [
      21000,
      1568.7528344671193
    ],
    "game_logo_sfx": [
      24000,
      3260.47619047619
    ],
    "loading_bgm": [
      29000,
      4948.458049886625,
      true
    ],
    "mus_win_bgextension_layer": [
      35000,
      15000
    ],
    "reel_spin_loop": [
      51000,
      2000
    ],
    "reel_stop": [
      54000,
      523.1292517006807
    ],
    "reel_stop_wild": [
      56000,
      1481.904761904765
    ],
    "sfx_expanding_wild": [
      59000,
      5107.165532879819
    ],
    "sfx_panel_display": [
      66000,
      900.5215419501127
    ],
    "spin": [
      68000,
      725.351473922899
    ],
    "win_big": [
      70000,
      8000
    ],
    "win_big_outro": [
      79000,
      3000
    ],
    "win_five_of_a_kind": [
      83000,
      3126.6893424036225
    ],
    "win_meter_coin_loop": [
      88000,
      126.43990929704785
    ],
    "win_meter_coin_outro": [
      90000,
      1268.049886621313
    ],
    "win_meter_level_1": [
      93000,
      3720.9750566893404
    ],
    "win_meter_level_2": [
      98000,
      7318.639455782318
    ],
    "win_meter_level_3": [
      107000,
      11684.96598639456
    ],
    "win_meter_level_4": [
      120000,
      23726.916099773232
    ],
    "win_path": [
      145000,
      2634.126984126993
    ]
  },
  "src": [
    "assets/sound/sounds.ogg",
    "assets/sound/sounds.m4a",
    "assets/sound/sounds.mp3",
    "assets/sound/sounds.ac3"
  ]
}