{"sprite":{"HighWin":[0,8000],"MediumWin":[9000,6000],"NormalWin":[16000,4000],"SmallWin":[21000,3500],"bgm":[26000,16686.757369614512,true],"bgmloading":[44000,5654.08163265306,true],"bigwin":[51000,7027.3469387755085],"bigwinOut":[60000,2200.0000000000027],"click":[64000,243.28798185941025],"fsbgm":[66000,20118.367346938783,true],"jng_slotanticipation":[88000,4940.0226757369555],"megawin":[94000,10193.083900226753],"megawinOut":[106000,1799.9999999999973],"reel_spin_bgm":[109000,4222.607709750562,true],"scatterV1":[115000,1363.650793650791],"scatterV2":[118000,1363.650793650791],"scatterV3":[121000,1363.650793650791],"sfx_reel_stop":[124000,754.1043083900263],"spin":[126000,337.9365079365044],"win_cover":[128000,16686.757369614497],"win_symbol":[146000,2868.8208616780175]},"src":["assets/sound/sounds.ogg?v=1708442195872","assets/sound/sounds.m4a?v=1708442195872","assets/sound/sounds.mp3?v=1708442195872","assets/sound/sounds.ac3?v=1708442195872"]}