{"sprite":{"bgm-info":[0,21428.571428571428,true],"bgm-loading":[46000,8347.823129251701,true],"bgm":[56000,32651.111111111106,true],"bomb":[90000,1661.746031746034],"boss_bgm":[93000,289752.0181405895,true],"cannon":[384000,1436.734693877554],"click":[387000,266.1451247165587],"kill_ship":[389000,1213.4240362811965],"point_bar_increase":[392000,1044.897959183686],"point_bar_sub":[395000,3056.326530612239],"reel_spin_loop":[400000,2000],"shoot":[403000,1036.417233560087],"spin":[406000,709.2290249432835],"start":[408000,4623.673469387768],"warning":[414000,539.8639455782472]},"src":["assets/sound/sounds.ogg","assets/sound/sounds.m4a","assets/sound/sounds.mp3","assets/sound/sounds.ac3"]}