{"sprite":{"Appearance sound":[0,1910.4988662131518],"Wrecking Ship Sound":[3000,2192.335600907029],"bgm-info":[7000,21428.571428571428,true],"bgm-loading":[30000,8347.823129251701,true],"bgm":[40000,32653.06122448979,true],"bomb":[74000,1661.746031746034],"boss_bgm":[77000,23263.877551020414,true],"boss_wecolme_bgm":[102000,5090.907029478459,true],"bossbattlewin_bgm":[109000,7588.367346938781,true],"cageclose":[118000,1092.1768707483038],"cageopen":[121000,1489.9546485260798],"cannon":[124000,1108.480725623579],"click":[127000,271.11111111111086],"explosion_boss":[129000,1420.9750566893433],"explosion_player":[132000,2203.7868480725538],"fire_bosscannon":[136000,1383.5827664399005],"fire_missedcannon":[139000,1536.326530612257],"freegame_occ":[142000,1473.0839002267544],"freegamewin":[145000,3634.2630385487664],"fs_bgm":[150000,32653.06122448979,true],"jng_leveldefeat":[184000,6641.247165532888],"kill_ship":[192000,1637.0748299319757],"normalwin":[195000,1277.66439909297],"point_bar_increase":[198000,837.528344671199],"point_bar_sub":[200000,1851.5646258503295],"pop_up_tip":[203000,1471.7460317460223],"reel_spin_loop_bgm":[206000,1372.1088435374043,true],"reel_stop":[209000,631.7006802721039],"shoot":[211000,970.8163265306098],"spin":[213000,709.229024943312],"spinFire_bgm":[215000,1242.8117913832182,true],"star":[218000,1550.340136054416],"start":[221000,4623.673469387768],"warning":[227000,2019.5918367346906],"welcome_fs":[231000,2405.0340136054447]},"src":["assets/sound/sounds.ogg?v=1706006422029","assets/sound/sounds.m4a?v=1706006422029","assets/sound/sounds.mp3?v=1706006422029","assets/sound/sounds.ac3?v=1706006422029"]}