{"sprite":{"Appearance sound":[0,1910.4988662131518],"Wrecking Ship Sound":[3000,2192.335600907029],"bgm-info":[7000,21428.571428571428,true],"bgm-loading":[30000,8347.823129251701,true],"bgm":[40000,32653.06122448979,true],"bomb":[74000,1661.746031746034],"boss_bgm":[77000,23263.877551020414,true],"boss_wecolme_bgm":[102000,5090.907029478459,true],"bossbattlewin":[109000,7588.367346938781],"cageclose":[118000,1092.1768707483038],"cageopen":[121000,1489.9546485260798],"cannon":[124000,1108.480725623579],"cannon1":[127000,1115.6916099773184],"cannon2":[130000,1073.945578231303],"click":[133000,271.11111111111086],"explosion_boss":[135000,1420.9750566893433],"explosion_player":[138000,2203.7868480725538],"fire_bosscannon":[142000,1383.5827664399005],"fire_missedcannon":[145000,1536.326530612257],"freegame_occ":[148000,1473.0839002267544],"freegamewin":[151000,3634.2630385487664],"fs_bgm":[156000,32653.06122448979,true],"jng_leveldefeat":[190000,6641.247165532888],"kill_ship":[198000,1637.0748299319757],"normalwin":[201000,1277.66439909297],"point_bar_increase":[204000,837.528344671199],"point_bar_increase1":[206000,1044.897959183686],"point_bar_increase2":[209000,1072.018140589563],"point_bar_sub":[212000,1851.5646258503295],"point_bar_sub1":[215000,3056.326530612239],"point_bar_sub2":[220000,3644.98866213151],"pop_up_tip":[225000,1471.7460317460223],"reel_spin_loop_bgm":[228000,1372.1088435374043,true],"reel_stop":[231000,631.7006802721039],"shoot":[233000,970.8163265306098],"shoot1":[235000,823.832199546473],"spin":[237000,709.229024943312],"spinFire_bgm":[239000,1242.8117913832182,true],"star":[242000,1550.340136054416],"start":[245000,4623.673469387768],"warning":[251000,1751.2244897959306],"welcome_fs":[254000,2405.034013605416]},"src":["assets/sound/sounds.ogg","assets/sound/sounds.m4a","assets/sound/sounds.mp3","assets/sound/sounds.ac3"]}