{"sprite":{"bgm-info":[0,21428.571428571428,true],"bgm-loading":[23000,8347.823129251701,true],"bgm":[33000,32653.06122448979,true],"bomb":[67000,1661.746031746034],"boss_bgm":[70000,23263.877551020414,true],"boss_wecolme_bgm":[95000,5090.907029478459,true],"cageclose":[102000,1092.1768707483038],"cageopen":[105000,1489.9546485260798],"cannon":[108000,1115.6916099773184],"click":[111000,271.11111111111086],"explosion_boss":[113000,1420.9750566893433],"explosion_player":[116000,2203.786848072568],"fire_bosscannon":[120000,1383.5827664399148],"fire_missedcannon":[123000,1536.326530612243],"freegame_occ":[126000,1473.0839002267544],"freegamewin":[129000,3634.2630385487664],"fs_bgm":[134000,32653.06122448979,true],"kill_ship":[168000,1637.0748299319757],"normalwin":[171000,1277.66439909297],"point_bar_increase":[174000,1044.897959183686],"point_bar_sub":[177000,3056.326530612239],"pop_up_tip":[182000,1471.7460317460223],"reel_spin_loop_bgm":[185000,1372.1088435374043,true],"reel_stop":[188000,631.7006802721039],"shoot":[190000,823.832199546473],"spin":[192000,709.229024943312],"spinFire_bgm":[194000,1242.8117913832182,true],"star":[197000,1550.340136054416],"start":[200000,4623.673469387768],"warning":[206000,1304.0136054421794],"welcome_fs":[209000,2405.0340136054447]},"src":["assets/sound/sounds.ogg","assets/sound/sounds.m4a","assets/sound/sounds.mp3","assets/sound/sounds.ac3"]}