{"sprite":{"Appearance sound":[0,1910.4988662131518],"Wrecking Ship Sound":[3000,2192.335600907029],"bgm-info":[7000,21428.571428571428,true],"bgm-loading":[30000,8347.823129251701,true],"bgm":[40000,32653.06122448979,true],"bomb":[74000,1661.746031746034],"boss_bgm":[77000,23263.877551020414,true],"boss_wecolme_bgm":[102000,5090.907029478459,true],"bossbattlewin":[109000,7588.367346938781],"cageclose":[118000,1092.1768707483038],"cageopen":[121000,1489.9546485260798],"cannon":[124000,1073.945578231289],"cannon1":[127000,1115.6916099773184],"click":[130000,271.11111111111086],"explosion_boss":[132000,1420.9750566893433],"explosion_player":[135000,2203.7868480725538],"fire_bosscannon":[139000,1383.5827664399005],"fire_missedcannon":[142000,1536.326530612257],"freegame_occ":[145000,1473.0839002267544],"freegamewin":[148000,3634.2630385487664],"fs_bgm":[153000,32653.06122448979,true],"jng_leveldefeat":[187000,6641.247165532888],"kill_ship":[195000,1637.0748299319757],"normalwin":[198000,1277.66439909297],"point_bar_increase":[201000,1072.018140589563],"point_bar_increase1":[204000,1044.897959183686],"point_bar_sub":[207000,3644.98866213151],"point_bar_sub1":[212000,3056.326530612239],"pop_up_tip":[217000,1471.7460317460223],"reel_spin_loop_bgm":[220000,1372.1088435374043,true],"reel_stop":[223000,631.7006802721039],"shoot":[225000,823.832199546473],"spin":[227000,709.229024943312],"spinFire_bgm":[229000,1242.8117913832182,true],"star":[232000,1550.340136054416],"start":[235000,4623.673469387768],"warning":[241000,1751.2244897959306],"welcome_fs":[244000,2405.0340136054447]},"src":["assets/sound/sounds.ogg","assets/sound/sounds.m4a","assets/sound/sounds.mp3","assets/sound/sounds.ac3"]}