{"sprite":{"Appearance sound":[0,1910.4988662131518],"Wrecking Ship Sound":[3000,2192.335600907029],"bgm-loading":[7000,8347.823129251701,true],"bgm":[17000,32653.061224489797,true],"bomb":[51000,1661.746031746034],"boss_bgm":[54000,23263.877551020414,true],"boss_wecolme_bgm":[79000,5090.907029478459,true],"bossbattlewin_bgm":[86000,7588.367346938781,true],"cageclose":[95000,1092.1768707483038],"cageopen":[98000,1489.9546485260798],"cannon":[101000,1108.480725623579],"click":[104000,271.11111111111086],"explosion_boss":[106000,1420.9750566893433],"explosion_player":[109000,2203.786848072568],"fire_bosscannon":[113000,1383.5827664399148],"fire_missedcannon":[116000,1536.326530612243],"freegame_occ":[119000,1473.0839002267544],"freegamewin":[122000,3634.2630385487523],"fs_bgm":[127000,32653.06122448979,true],"jng_leveldefeat":[161000,6641.247165532888],"kill_ship":[169000,1637.0748299319757],"normalwin":[172000,1277.66439909297],"point_bar_increase":[175000,837.528344671199],"point_bar_sub":[177000,1851.5646258503295],"pop_up_tip":[180000,1471.7460317460223],"reel_spin_loop_bgm":[183000,1372.1088435374043,true],"reel_stop":[186000,631.7006802721039],"shoot":[188000,970.8163265306098],"spin":[190000,709.229024943312],"spinFire_bgm":[192000,1242.8117913832182,true],"star":[195000,1550.340136054416],"start":[198000,4623.673469387768],"warning":[204000,2019.5918367346906],"welcome_fs":[208000,2405.0340136054447]},"src":["assets/sound/sounds.ogg?v=1720694116206","assets/sound/sounds.m4a?v=1720694116206","assets/sound/sounds.mp3?v=1720694116206","assets/sound/sounds.ac3?v=1720694116206"]}